phone_no,customer_id
888-529-8906,1
592-205-0858,2
987-463-9187,3
203-776-3013,4
273-995-7928,5
249-772-4784,6
276-389-3523,7
859-466-4166,8
530-190-6993,9
765-734-2272,10
423-102-5111,11
891-502-9343,12
386-272-5858,13
502-326-0131,14
911-870-9988,15
614-945-5728,16
268-198-0949,17
815-709-5568,18
516-817-6479,19
317-272-6080,20
664-359-1172,21
978-170-3207,22
575-109-5783,23
289-187-1088,24
619-541-9689,25
149-176-7518,26
329-709-3437,27
170-231-8203,28
931-709-2147,29
262-200-7216,30
601-177-7360,31
142-320-2083,32
398-179-8943,33
714-876-6546,34
695-384-3450,35
893-812-6653,36
420-678-6440,37
308-902-0181,38
808-227-2387,39
758-464-0383,40
550-134-7650,41
765-488-0915,42
807-926-6505,43
229-714-5104,44
852-892-0110,45
335-814-6088,46
439-321-5621,47
396-139-6297,48
524-905-9421,49
224-412-9551,50
789-718-7166,51
454-486-6231,52
615-203-0804,53
502-638-6404,54
908-153-7401,55
284-730-7977,56
381-676-4614,57
265-693-3105,58
903-150-4830,59
419-272-4160,60
130-736-3252,61
613-174-7106,62
546-167-1767,63
903-569-2800,64
104-766-6902,65
805-359-1312,66
805-437-8595,67
470-208-1938,68
453-742-0050,69
485-453-1744,70
236-949-1662,71
467-156-2898,72
544-864-2936,73
752-821-7079,74
146-369-4379,75
564-723-5397,76
566-408-2330,77
189-933-7263,78
582-717-5761,79
638-611-5942,80
993-182-8496,81
146-918-7095,82
643-616-2602,83
521-703-4169,84
747-474-7061,85
378-661-5399,86
135-128-7179,87
846-809-1092,88
244-996-2298,89
209-574-3799,90
284-899-6419,91
560-501-4910,92
909-314-1569,93
931-577-4027,94
597-174-8017,95
502-468-3981,96
146-944-9201,97
848-904-0681,98
275-529-0276,99
414-617-0933,100
212-104-6054,101
649-112-2439,102
333-632-7666,103
407-129-6492,104
532-105-1981,105
230-389-7949,106
860-978-2400,107
924-335-8387,108
620-342-2644,109
779-256-6427,110
973-208-1567,111
275-149-1086,112
220-460-0871,113
454-501-4067,114
483-955-0146,115
599-119-3294,116
819-988-9859,117
831-263-2135,118
196-829-3532,119
431-507-2240,120
533-629-9551,121
212-260-9272,122
301-378-5228,123
266-893-3546,124
694-371-0534,125
869-102-5364,126
266-362-5805,127
858-122-8543,128
992-547-3279,129
239-874-9230,130
284-104-7989,131
997-732-2993,132
751-375-4755,133
881-288-9672,134
817-383-2557,135
440-498-2024,136
765-181-3634,137
385-100-1117,138
453-763-6624,139
783-926-4916,140
369-791-4890,141
806-898-8726,142
988-253-6313,143
278-415-8304,144
614-991-7486,145
359-224-5238,146
724-400-2947,147
195-507-7186,148
626-202-4681,149
586-944-4262,150
132-422-6554,151
882-635-7056,152
742-902-7318,153
926-224-2588,154
822-399-0448,155
763-556-3086,156
539-273-4138,157
632-727-0655,158
145-855-0606,159
639-100-3055,160
333-759-4929,161
200-803-2653,162
235-285-5564,163
685-619-4847,164
567-183-5315,165
692-753-7541,166
794-273-2804,167
736-514-0704,168
212-133-5226,169
314-828-7432,170
781-596-3496,171
138-436-6027,172
399-677-4910,173
996-504-6261,174
516-326-5137,175
958-605-4307,176
230-844-0979,177
429-819-4233,178
166-502-4865,179
604-855-8646,180
464-917-4274,181
359-559-9448,182
387-931-3263,183
603-715-1190,184
656-537-3454,185
188-460-3163,186
600-154-1767,187
543-642-6821,188
707-442-4935,189
324-107-6469,190
819-329-2072,191
506-972-4448,192
499-925-6271,193
439-731-6567,194
227-514-3145,195
586-316-2312,196
770-725-3689,197
536-258-3719,198
445-794-5233,199
290-212-4994,200
585-993-7304,201
305-683-8003,202
240-349-9123,203
815-121-9721,204
713-273-6603,205
453-837-1799,206
321-311-4363,207
694-744-8658,208
657-218-4608,209
858-335-9091,210
334-755-4755,211
521-814-7873,212
787-844-3587,213
561-547-4245,214
666-211-3492,215
150-990-9724,216
737-993-5895,217
539-423-1693,218
430-537-8854,219
304-249-5131,220
235-285-7536,221
257-748-1110,222
690-847-2893,223
213-230-2131,224
897-937-7733,225
266-828-3956,226
802-561-0796,227
168-978-1478,228
645-364-4896,229
966-783-2255,230
603-663-1852,231
485-769-2378,232
676-956-2882,233
322-656-3897,234
597-245-4919,235
443-146-7174,236
336-520-8542,237
671-266-5147,238
215-265-1726,239
801-744-0214,240
387-653-8885,241
269-534-1438,242
194-649-3631,243
560-334-9775,244
626-703-3917,245
565-635-3399,246
936-127-7057,247
390-960-2544,248
155-540-2758,249
520-503-6271,250
