employee_id,phone_no
1,769-749-5545
2,399-105-3814
3,893-714-1138
4,372-846-5378
5,559-202-7398
6,781-491-7297
7,142-258-7134
8,598-958-0630
9,366-733-4293
10,382-417-4923
11,624-743-7235
12,891-108-0738
13,170-474-3449
14,416-651-1115
15,215-471-6426
16,882-347-4654
17,789-633-4565
18,444-715-7846
19,646-175-8603
20,653-234-7515
21,907-746-0700
22,570-637-8389
23,632-450-4787
24,911-564-0512
25,526-145-8360
26,572-964-4059
27,338-707-8291
28,928-730-8221
29,679-644-3188
30,444-289-1060
31,291-450-5919
32,340-701-6845
33,712-585-5134
34,734-170-0189
35,357-170-8948
36,841-398-9519
37,674-118-7351
38,654-388-1646
39,649-202-2352
40,926-888-8118
41,545-640-3333
42,835-512-3780
43,692-252-3258
44,497-825-1827
45,872-239-4693
46,738-148-7755
47,690-425-6589
48,610-593-8435
49,441-626-3132
50,466-931-3650
51,702-794-5926
52,668-380-2980
53,484-778-0920
54,252-472-2448
55,538-513-2885
56,391-178-8139
57,302-161-6037
58,345-759-0323
59,999-829-0922
60,998-721-2210
61,328-543-8891
62,760-687-1531
63,398-847-1601
64,160-281-8299
65,359-415-3880
66,379-271-1423
67,626-332-5668
68,114-852-5184
69,553-948-1728
70,504-894-6639
71,193-489-5590
72,405-130-3747
73,605-932-0755
74,141-918-3022
75,840-367-3908
76,710-197-9970
77,818-824-5336
78,628-105-2286
79,572-898-9132
80,728-422-7412
81,158-864-9111
82,262-150-5475
83,143-402-7656
84,747-895-3341
85,424-934-4012
86,747-956-7452
87,185-727-8111
88,544-647-9828
89,272-427-9806
90,444-281-9641
91,546-991-1548
92,924-215-2445
93,813-676-2633
94,573-880-0814
95,253-158-0376
96,254-617-0871
97,240-168-7088
98,910-911-6333
99,595-769-8285
100,127-576-3606
